Rank,Category,Gender,State,Enjoys_Problem_Solving,Likes_Coding_And_Computers,Likes_Building_Machines,Likes_Building_Buildings_And_Bridges,Interested_In_Electronics_And_Gadgets,Enjoys_Maths_Calculations,Interested_In_Science_Experiments,Interested_In_AI_And_Future_Tech,Interested_In_Research_And_Innovation,Interested_In_Managing_People,Interested_In_Creative_Design,Interest_Sports_Overall,Interest_Music,Interest_Drama,Interest_Theatre,Interest_Debating,Interest_Leadership,Interest_PublicSpeaking,Interest_Clubs_Societies,Interest_SocialWork,Interest_Startups,Interest_CulturalActivities,Placement,Research,Startup,Predicted_College,Predicted_Branch
15796,GEN,Male,Rajasthan,Much_Interested,Much_Interested,Very_Interested,Not_Interested,Very_Interested,Not_Interested,Somewhat_Interested,Very_Interested,Very_Interested,Very_Interested,Much_Interested,Much_Interested,Not_Interested,Not_Interested,Very_Interested,Not_Interested,Much_Interested,Not_Interested,Somewhat_Interested,Much_Interested,Somewhat_Interested,Not_Interested,High,Medium,Medium,IIIT Delhi,CSE
44733,OBC,Male,West Bengal,Very_Interested,Somewhat_Interested,Very_Interested,Interested,Interested,Not_Interested,Interested,Very_Interested,Somewhat_Interested,Not_Interested,Very_Interested,Somewhat_Interested,Very_Interested,Not_Interested,Interested,Not_Interested,Interested,Not_Interested,Much_Interested,Very_Interested,Very_Interested,Much_Interested,Low,Medium,Medium,SRM Chennai,Mechanical
37195,SC,Male,Maharashtra,Interested,Very_Interested,Not_Interested,Much_Interested,Not_Interested,Much_Interested,Much_Interested,Somewhat_Interested,Somewhat_Interested,Interested,Not_Interested,Much_Interested,Interested,Very_Interested,Much_Interested,Very_Interested,Interested,Somewhat_Interested,Interested,Very_Interested,Much_Interested,Not_Interested,High,Medium,Medium,MIT Manipal,CSE
16024,ST,Male,Maharashtra,Not_Interested,Not_Interested,Interested,Not_Interested,Somewhat_Interested,Not_Interested,Somewhat_Interested,Interested,Much_Interested,Much_Interested,Not_Interested,Somewhat_Interested,Very_Interested,Very_Interested,Very_Interested,Much_Interested,Much_Interested,Somewhat_Interested,Not_Interested,Very_Interested,Somewhat_Interested,Somewhat_Interested,High,Low,High,IIIT Hyderabad,Electrical
2434,SC,Female,UP,Much_Interested,Somewhat_Interested,Very_Interested,Interested,Not_Interested,Much_Interested,Not_Interested,Very_Interested,Interested,Not_Interested,Not_Interested,Much_Interested,Much_Interested,Interested,Much_Interested,Not_Interested,Not_Interested,Very_Interested,Not_Interested,Interested,Somewhat_Interested,Very_Interested,Low,Low,Low,IIT Bombay,Mechanical
19770,GEN,Female,West Bengal,Much_Interested,Somewhat_Interested,Not_Interested,Much_Interested,Interested,Not_Interested,Not_Interested,Somewhat_Interested,Much_Interested,Not_Interested,Much_Interested,Interested,Somewhat_Interested,Interested,Somewhat_Interested,Not_Interested,Somewhat_Interested,Very_Interested,Much_Interested,Much_Interested,Very_Interested,Interested,High,Low,Low,IIIT Hyderabad,Civil
41435,GEN,Male,UP,Very_Interested,Not_Interested,Much_Interested,Interested,Somewhat_Interested,Much_Interested,Not_Interested,Much_Interested,Not_Interested,Not_Interested,Somewhat_Interested,Much_Interested,Somewhat_Interested,Somewhat_Interested,Much_Interested,Very_Interested,Very_Interested,Somewhat_Interested,Interested,Somewhat_Interested,Somewhat_Interested,Somewhat_Interested,Low,Medium,High,SRM Chennai,Mechanical
190,GEN,Male,Delhi,Much_Interested,Somewhat_Interested,Much_Interested,Interested,Somewhat_Interested,Much_Interested,Very_Interested,Somewhat_Interested,Not_Interested,Very_Interested,Very_Interested,Not_Interested,Very_Interested,Very_Interested,Much_Interested,Much_Interested,Somewhat_Interested,Somewhat_Interested,Somewhat_Interested,Much_Interested,Somewhat_Interested,Very_Interested,Medium,Medium,Medium,IIT Madras,Mechanical
1900,ST,Female,Delhi,Much_Interested,Very_Interested,Not_Interested,Not_Interested,Very_Interested,Interested,Very_Interested,Very_Interested,Not_Interested,Somewhat_Interested,Not_Interested,Not_Interested,Much_Interested,Very_Interested,Not_Interested,Very_Interested,Much_Interested,Very_Interested,Not_Interested,Very_Interested,Much_Interested,Somewhat_Interested,High,High,Low,IIT Bombay,CSE
3891,ST,Female,Maharashtra,Much_Interested,Interested,Somewhat_Interested,Much_Interested,Interested,Somewhat_Interested,Interested,Very_Interested,Very_Interested,Somewhat_Interested,Not_Interested,Not_Interested,Very_Interested,Very_Interested,Not_Interested,Much_Interested,Not_Interested,Interested,Much_Interested,Interested,Very_Interested,Much_Interested,Medium,High,High,IIT Madras,Civil
14503,EWS,Male,Rajasthan,Much_Interested,Interested,Very_Interested,Very_Interested,Not_Interested,Much_Interested,Interested,Interested,Not_Interested,Much_Interested,Interested,Much_Interested,Interested,Not_Interested,Somewhat_Interested,Interested,Very_Interested,Very_Interested,Somewhat_Interested,Interested,Very_Interested,Very_Interested,Low,High,Medium,NIT Warangal,Mechanical
8793,ST,Male,UP,Not_Interested,Very_Interested,Interested,Not_Interested,Not_Interested,Much_Interested,Somewhat_Interested,Much_Interested,Very_Interested,Interested,Interested,Very_Interested,Interested,Much_Interested,Much_Interested,Very_Interested,Interested,Not_Interested,Somewhat_Interested,Not_Interested,Much_Interested,Much_Interested,Low,Low,High,NIT Surathkal,CSE
43002,ST,Male,Maharashtra,Somewhat_Interested,Very_Interested,Somewhat_Interested,Much_Interested,Much_Interested,Somewhat_Interested,Interested,Interested,Much_Interested,Much_Interested,Very_Interested,Much_Interested,Somewhat_Interested,Interested,Interested,Very_Interested,Interested,Interested,Not_Interested,Somewhat_Interested,Not_Interested,Interested,Low,High,Medium,VIT Vellore,CSE
23484,GEN,Female,Maharashtra,Not_Interested,Not_Interested,Very_Interested,Somewhat_Interested,Not_Interested,Much_Interested,Interested,Very_Interested,Somewhat_Interested,Very_Interested,Not_Interested,Not_Interested,Much_Interested,Interested,Somewhat_Interested,Very_Interested,Interested,Not_Interested,Interested,Very_Interested,Interested,Not_Interested,Medium,High,Medium,IIIT Hyderabad,Mechanical
17160,OBC,Female,Rajasthan,Not_Interested,Not_Interested,Interested,Somewhat_Interested,Not_Interested,Very_Interested,Interested,Interested,Much_Interested,Somewhat_Interested,Not_Interested,Not_Interested,Interested,Somewhat_Interested,Somewhat_Interested,Somewhat_Interested,Much_Interested,Not_Interested,Somewhat_Interested,Much_Interested,Very_Interested,Interested,Low,Low,High,IIIT Delhi,ECE
14542,OBC,Male,UP,Somewhat_Interested,Not_Interested,Very_Interested,Somewhat_Interested,Somewhat_Interested,Not_Interested,Much_Interested,Somewhat_Interested,Somewhat_Interested,Somewhat_Interested,Much_Interested,Much_Interested,Very_Interested,Very_Interested,Somewhat_Interested,Much_Interested,Much_Interested,Not_Interested,Somewhat_Interested,Very_Interested,Not_Interested,Much_Interested,Medium,High,High,NIT Warangal,Mechanical
1586,EWS,Female,West Bengal,Not_Interested,Somewhat_Interested,Much_Interested,Somewhat_Interested,Somewhat_Interested,Interested,Much_Interested,Interested,Not_Interested,Somewhat_Interested,Much_Interested,Interested,Somewhat_Interested,Very_Interested,Interested,Much_Interested,Interested,Interested,Interested,Not_Interested,Very_Interested,Much_Interested,High,Low,High,IIT Delhi,Mechanical
19458,GEN,Female,Tamil Nadu,Somewhat_Interested,Very_Interested,Much_Interested,Somewhat_Interested,Somewhat_Interested,Not_Interested,Very_Interested,Not_Interested,Somewhat_Interested,Somewhat_Interested,Very_Interested,Interested,Interested,Somewhat_Interested,Somewhat_Interested,Not_Interested,Not_Interested,Not_Interested,Much_Interested,Somewhat_Interested,Much_Interested,Interested,Medium,Medium,High,IIIT Delhi,CSE
40758,OBC,Female,Delhi,Not_Interested,Not_Interested,Very_Interested,Very_Interested,Somewhat_Interested,Much_Interested,Somewhat_Interested,Much_Interested,Very_Interested,Interested,Somewhat_Interested,Interested,Much_Interested,Somewhat_Interested,Interested,Interested,Somewhat_Interested,Interested,Somewhat_Interested,Interested,Very_Interested,Somewhat_Interested,Medium,Low,High,VIT Vellore,Mechanical
162,GEN,Male,Delhi,Not_Interested,Much_Interested,Much_Interested,Much_Interested,Somewhat_Interested,Very_Interested,Not_Interested,Much_Interested,Somewhat_Interested,Interested,Interested,Much_Interested,Not_Interested,Not_Interested,Very_Interested,Much_Interested,Interested,Very_Interested,Not_Interested,Very_Interested,Interested,Not_Interested,High,Low,Low,IIT Delhi,CSE
32607,GEN,Female,West Bengal,Interested,Not_Interested,Somewhat_Interested,Interested,Very_Interested,Not_Interested,Interested,Very_Interested,Somewhat_Interested,Somewhat_Interested,Very_Interested,Somewhat_Interested,Interested,Somewhat_Interested,Much_Interested,Somewhat_Interested,Much_Interested,Not_Interested,Interested,Not_Interested,Not_Interested,Somewhat_Interested,Medium,Low,Low,NSUT,ECE
29128,ST,Male,West Bengal,Interested,Very_Interested,Somewhat_Interested,Interested,Much_Interested,Somewhat_Interested,Much_Interested,Interested,Interested,Interested,Interested,Not_Interested,Interested,Not_Interested,Very_Interested,Not_Interested,Much_Interested,Very_Interested,Much_Interested,Somewhat_Interested,Somewhat_Interested,Not_Interested,Medium,Low,Low,NSUT,CSE
24277,OBC,Female,Rajasthan,Not_Interested,Interested,Somewhat_Interested,Not_Interested,Not_Interested,Interested,Somewhat_Interested,Not_Interested,Interested,Interested,Somewhat_Interested,Interested,Interested,Interested,Much_Interested,Very_Interested,Much_Interested,Interested,Very_Interested,Not_Interested,Much_Interested,Much_Interested,High,High,High,IIIT Delhi,CSE
8530,OBC,Female,Delhi,Interested,Very_Interested,Not_Interested,Much_Interested,Interested,Very_Interested,Very_Interested,Not_Interested,Interested,Much_Interested,Somewhat_Interested,Very_Interested,Very_Interested,Not_Interested,Interested,Somewhat_Interested,Somewhat_Interested,Somewhat_Interested,Interested,Much_Interested,Very_Interested,Interested,Medium,Medium,Low,NIT Warangal,CSE
39977,GEN,Male,Delhi,Much_Interested,Very_Interested,Not_Interested,Somewhat_Interested,Not_Interested,Not_Interested,Not_Interested,Much_Interested,Not_Interested,Somewhat_Interested,Somewhat_Interested,Somewhat_Interested,Interested,Not_Interested,Somewhat_Interested,Interested,Not_Interested,Not_Interested,Very_Interested,Not_Interested,Very_Interested,Much_Interested,High,Low,Low,VIT Vellore,CSE
49217,OBC,Male,Delhi,Somewhat_Interested,Not_Interested,Somewhat_Interested,Interested,Very_Interested,Much_Interested,Interested,Interested,Somewhat_Interested,Very_Interested,Much_Interested,Interested,Not_Interested,Much_Interested,Somewhat_Interested,Very_Interested,Not_Interested,Much_Interested,Much_Interested,Interested,Much_Interested,Very_Interested,High,High,High,SRM Chennai,ECE
2028,ST,Male,Tamil Nadu,Interested,Not_Interested,Not_Interested,Somewhat_Interested,Somewhat_Interested,Very_Interested,Not_Interested,Very_Interested,Somewhat_Interested,Interested,Not_Interested,Interested,Very_Interested,Very_Interested,Much_Interested,Not_Interested,Not_Interested,Very_Interested,Interested,Not_Interested,Very_Interested,Much_Interested,Medium,Low,High,IIT Kanpur,Civil
22003,GEN,Female,Maharashtra,Interested,Very_Interested,Much_Interested,Interested,Somewhat_Interested,Somewhat_Interested,Interested,Somewhat_Interested,Not_Interested,Very_Interested,Somewhat_Interested,Very_Interested,Interested,Interested,Interested,Very_Interested,Somewhat_Interested,Not_Interested,Very_Interested,Not_Interested,Somewhat_Interested,Somewhat_Interested,High,Medium,High,IIIT Delhi,CSE
13987,GEN,Male,Maharashtra,Somewhat_Interested,Somewhat_Interested,Very_Interested,Very_Interested,Not_Interested,Much_Interested,Much_Interested,Interested,Not_Interested,Very_Interested,Not_Interested,Somewhat_Interested,Very_Interested,Much_Interested,Very_Interested,Somewhat_Interested,Very_Interested,Much_Interested,Somewhat_Interested,Interested,Not_Interested,Interested,Low,Medium,High,NIT Trichy,Mechanical
12667,ST,Male,Karnataka,Interested,Somewhat_Interested,Interested,Not_Interested,Interested,Very_Interested,Interested,Interested,Not_Interested,Not_Interested,Somewhat_Interested,Much_Interested,Somewhat_Interested,Not_Interested,Somewhat_Interested,Interested,Interested,Not_Interested,Not_Interested,Somewhat_Interested,Somewhat_Interested,Interested,Low,Medium,Low,NIT Surathkal,Civil
26855,ST,Female,Rajasthan,Very_Interested,Much_Interested,Not_Interested,Not_Interested,Interested,Very_Interested,Somewhat_Interested,Very_Interested,Not_Interested,Somewhat_Interested,Very_Interested,Much_Interested,Somewhat_Interested,Much_Interested,Very_Interested,Somewhat_Interested,Interested,Interested,Not_Interested,Somewhat_Interested,Very_Interested,Interested,Medium,High,High,NSUT,CSE
8393,EWS,Male,Karnataka,Interested,Much_Interested,Very_Interested,Somewhat_Interested,Very_Interested,Very_Interested,Somewhat_Interested,Much_Interested,Interested,Very_Interested,Very_Interested,Interested,Very_Interested,Interested,Interested,Interested,Somewhat_Interested,Much_Interested,Much_Interested,Not_Interested,Somewhat_Interested,Not_Interested,Low,Low,High,NIT Surathkal,CSE
48034,EWS,Male,Tamil Nadu,Somewhat_Interested,Interested,Somewhat_Interested,Interested,Very_Interested,Somewhat_Interested,Interested,Not_Interested,Much_Interested,Very_Interested,Somewhat_Interested,Interested,Not_Interested,Interested,Somewhat_Interested,Interested,Somewhat_Interested,Interested,Much_Interested,Somewhat_Interested,Somewhat_Interested,Very_Interested,High,Medium,High,SRM Chennai,ECE
35223,GEN,Female,Maharashtra,Not_Interested,Somewhat_Interested,Interested,Much_Interested,Not_Interested,Interested,Much_Interested,Much_Interested,Not_Interested,Interested,Much_Interested,Very_Interested,Very_Interested,Interested,Somewhat_Interested,Very_Interested,Not_Interested,Interested,Much_Interested,Very_Interested,Interested,Interested,Low,Low,High,SRM Chennai,Civil
19116,EWS,Female,West Bengal,Somewhat_Interested,Interested,Interested,Very_Interested,Somewhat_Interested,Very_Interested,Much_Interested,Much_Interested,Somewhat_Interested,Not_Interested,Interested,Very_Interested,Somewhat_Interested,Very_Interested,Interested,Not_Interested,Very_Interested,Somewhat_Interested,Interested,Interested,Not_Interested,Somewhat_Interested,High,Low,Medium,IIIT Hyderabad,Civil
5057,EWS,Female,Karnataka,Somewhat_Interested,Interested,Somewhat_Interested,Very_Interested,Much_Interested,Very_Interested,Very_Interested,Interested,Somewhat_Interested,Very_Interested,Very_Interested,Much_Interested,Not_Interested,Much_Interested,Somewhat_Interested,Somewhat_Interested,Interested,Not_Interested,Somewhat_Interested,Not_Interested,Much_Interested,Somewhat_Interested,High,Medium,Medium,NIT Trichy,ECE
8111,SC,Male,Tamil Nadu,Interested,Very_Interested,Interested,Not_Interested,Interested,Very_Interested,Somewhat_Interested,Interested,Much_Interested,Very_Interested,Somewhat_Interested,Very_Interested,Much_Interested,Not_Interested,Very_Interested,Very_Interested,Interested,Much_Interested,Much_Interested,Not_Interested,Much_Interested,Very_Interested,Low,Medium,Low,NIT Warangal,CSE
17413,GEN,Female,West Bengal,Not_Interested,Interested,Much_Interested,Very_Interested,Very_Interested,Much_Interested,Very_Interested,Interested,Much_Interested,Not_Interested,Interested,Very_Interested,Much_Interested,Interested,Very_Interested,Much_Interested,Somewhat_Interested,Not_Interested,Very_Interested,Very_Interested,Somewhat_Interested,Somewhat_Interested,Medium,High,Low,IIIT Hyderabad,Mechanical
207,EWS,Female,Tamil Nadu,Somewhat_Interested,Somewhat_Interested,Somewhat_Interested,Very_Interested,Somewhat_Interested,Somewhat_Interested,Very_Interested,Very_Interested,Interested,Not_Interested,Much_Interested,Very_Interested,Much_Interested,Interested,Not_Interested,Not_Interested,Not_Interested,Interested,Somewhat_Interested,Not_Interested,Not_Interested,Interested,Low,High,Low,IIT Delhi,Civil
23420,ST,Female,Delhi,Somewhat_Interested,Somewhat_Interested,Somewhat_Interested,Very_Interested,Interested,Somewhat_Interested,Interested,Interested,Interested,Much_Interested,Somewhat_Interested,Very_Interested,Very_Interested,Very_Interested,Very_Interested,Somewhat_Interested,Very_Interested,Interested,Much_Interested,Not_Interested,Very_Interested,Not_Interested,High,Low,Medium,IIIT Delhi,Civil
48703,ST,Male,Maharashtra,Very_Interested,Not_Interested,Not_Interested,Much_Interested,Much_Interested,Somewhat_Interested,Much_Interested,Very_Interested,Interested,Not_Interested,Interested,Very_Interested,Interested,Not_Interested,Much_Interested,Somewhat_Interested,Not_Interested,Not_Interested,Not_Interested,Not_Interested,Very_Interested,Not_Interested,Low,Medium,High,SRM Chennai,ECE
41524,SC,Female,UP,Not_Interested,Somewhat_Interested,Very_Interested,Much_Interested,Very_Interested,Very_Interested,Not_Interested,Much_Interested,Somewhat_Interested,Somewhat_Interested,Somewhat_Interested,Interested,Much_Interested,Interested,Interested,Interested,Not_Interested,Not_Interested,Very_Interested,Very_Interested,Much_Interested,Much_Interested,Medium,Medium,High,SRM Chennai,Mechanical
40343,ST,Female,Tamil Nadu,Not_Interested,Very_Interested,Interested,Somewhat_Interested,Very_Interested,Interested,Not_Interested,Somewhat_Interested,Not_Interested,Interested,Very_Interested,Much_Interested,Somewhat_Interested,Not_Interested,Very_Interested,Very_Interested,Much_Interested,Interested,Much_Interested,Much_Interested,Interested,Interested,Medium,High,Medium,VIT Vellore,CSE
1679,OBC,Female,Karnataka,Very_Interested,Somewhat_Interested,Very_Interested,Somewhat_Interested,Very_Interested,Somewhat_Interested,Very_Interested,Interested,Not_Interested,Somewhat_Interested,Not_Interested,Somewhat_Interested,Somewhat_Interested,Interested,Very_Interested,Somewhat_Interested,Very_Interested,Interested,Much_Interested,Not_Interested,Somewhat_Interested,Interested,Low,Medium,High,IIT Kanpur,Mechanical
16199,EWS,Male,Tamil Nadu,Much_Interested,Interested,Much_Interested,Very_Interested,Not_Interested,Very_Interested,Not_Interested,Not_Interested,Much_Interested,Interested,Interested,Much_Interested,Much_Interested,Very_Interested,Much_Interested,Interested,Much_Interested,Much_Interested,Not_Interested,Much_Interested,Very_Interested,Much_Interested,High,High,Medium,IIIT Delhi,Mechanical
43690,SC,Male,Tamil Nadu,Somewhat_Interested,Interested,Interested,Not_Interested,Very_Interested,Interested,Not_Interested,Very_Interested,Interested,Somewhat_Interested,Somewhat_Interested,Very_Interested,Very_Interested,Interested,Interested,Very_Interested,Very_Interested,Not_Interested,Not_Interested,Not_Interested,Somewhat_Interested,Somewhat_Interested,Medium,High,High,VIT Vellore,ECE
29468,SC,Female,Karnataka,Somewhat_Interested,Very_Interested,Interested,Very_Interested,Not_Interested,Much_Interested,Very_Interested,Much_Interested,Somewhat_Interested,Somewhat_Interested,Not_Interested,Not_Interested,Not_Interested,Much_Interested,Interested,Interested,Interested,Somewhat_Interested,Somewhat_Interested,Interested,Not_Interested,Very_Interested,Medium,Low,High,MNIT Jaipur,CSE
25940,ST,Female,Maharashtra,Very_Interested,Not_Interested,Much_Interested,Interested,Interested,Somewhat_Interested,Much_Interested,Not_Interested,Very_Interested,Interested,Not_Interested,Somewhat_Interested,Interested,Much_Interested,Not_Interested,Very_Interested,Somewhat_Interested,Not_Interested,Interested,Very_Interested,Interested,Interested,Medium,Low,Low,DTU,Mechanical
23777,OBC,Male,Maharashtra,Interested,Not_Interested,Much_Interested,Not_Interested,Somewhat_Interested,Much_Interested,Much_Interested,Much_Interested,Not_Interested,Much_Interested,Somewhat_Interested,Very_Interested,Somewhat_Interested,Interested,Much_Interested,Somewhat_Interested,Not_Interested,Interested,Somewhat_Interested,Much_Interested,Not_Interested,Much_Interested,Medium,High,High,IIIT Delhi,Mechanical
9475,ST,Female,West Bengal,Much_Interested,Much_Interested,Not_Interested,Much_Interested,Interested,Very_Interested,Somewhat_Interested,Interested,Not_Interested,Very_Interested,Not_Interested,Very_Interested,Interested,Very_Interested,Much_Interested,Interested,Somewhat_Interested,Not_Interested,Much_Interested,Somewhat_Interested,Very_Interested,Much_Interested,Medium,Low,Medium,NIT Warangal,CSE
21960,SC,Male,Tamil Nadu,Much_Interested,Very_Interested,Interested,Very_Interested,Interested,Much_Interested,Much_Interested,Very_Interested,Interested,Somewhat_Interested,Much_Interested,Somewhat_Interested,Somewhat_Interested,Not_Interested,Very_Interested,Very_Interested,Very_Interested,Interested,Much_Interested,Much_Interested,Not_Interested,Not_Interested,Medium,Low,Medium,IIIT Hyderabad,CSE
31969,GEN,Male,Tamil Nadu,Very_Interested,Somewhat_Interested,Not_Interested,Not_Interested,Very_Interested,Not_Interested,Not_Interested,Much_Interested,Much_Interested,Interested,Somewhat_Interested,Very_Interested,Not_Interested,Interested,Much_Interested,Not_Interested,Somewhat_Interested,Much_Interested,Very_Interested,Not_Interested,Interested,Very_Interested,Medium,Medium,Low,MNIT Jaipur,ECE
664,ST,Female,Maharashtra,Very_Interested,Interested,Much_Interested,Very_Interested,Not_Interested,Interested,Much_Interested,Very_Interested,Interested,Not_Interested,Interested,Much_Interested,Somewhat_Interested,Somewhat_Interested,Much_Interested,Much_Interested,Very_Interested,Somewhat_Interested,Very_Interested,Interested,Much_Interested,Very_Interested,Medium,High,Medium,IIT Kanpur,Mechanical
46577,SC,Male,West Bengal,Interested,Very_Interested,Interested,Interested,Very_Interested,Interested,Somewhat_Interested,Somewhat_Interested,Somewhat_Interested,Somewhat_Interested,Interested,Much_Interested,Somewhat_Interested,Somewhat_Interested,Interested,Not_Interested,Interested,Very_Interested,Somewhat_Interested,Very_Interested,Somewhat_Interested,Not_Interested,Medium,Low,Low,SRM Chennai,CSE
44418,SC,Female,Tamil Nadu,Somewhat_Interested,Interested,Somewhat_Interested,Very_Interested,Interested,Not_Interested,Somewhat_Interested,Interested,Very_Interested,Very_Interested,Somewhat_Interested,Interested,Not_Interested,Much_Interested,Very_Interested,Much_Interested,Not_Interested,Somewhat_Interested,Very_Interested,Much_Interested,Very_Interested,Much_Interested,Medium,High,Low,MIT Manipal,Civil
1637,OBC,Female,Maharashtra,Very_Interested,Not_Interested,Much_Interested,Not_Interested,Interested,Somewhat_Interested,Interested,Interested,Much_Interested,Very_Interested,Very_Interested,Much_Interested,Somewhat_Interested,Not_Interested,Somewhat_Interested,Not_Interested,Very_Interested,Interested,Interested,Somewhat_Interested,Much_Interested,Not_Interested,Low,Low,Low,IIT Kanpur,Mechanical
49851,OBC,Female,UP,Very_Interested,Not_Interested,Not_Interested,Interested,Interested,Much_Interested,Much_Interested,Interested,Not_Interested,Much_Interested,Very_Interested,Much_Interested,Much_Interested,Much_Interested,Somewhat_Interested,Very_Interested,Interested,Not_Interested,Not_Interested,Interested,Somewhat_Interested,Not_Interested,Low,Medium,Medium,MIT Manipal,Civil
37506,EWS,Female,West Bengal,Much_Interested,Interested,Very_Interested,Somewhat_Interested,Somewhat_Interested,Not_Interested,Interested,Much_Interested,Not_Interested,Not_Interested,Much_Interested,Much_Interested,Somewhat_Interested,Not_Interested,Very_Interested,Very_Interested,Not_Interested,Much_Interested,Interested,Much_Interested,Much_Interested,Interested,High,Medium,Low,SRM Chennai,Mechanical
46718,OBC,Female,Delhi,Not_Interested,Much_Interested,Not_Interested,Not_Interested,Much_Interested,Much_Interested,Not_Interested,Not_Interested,Interested,Not_Interested,Very_Interested,Very_Interested,Very_Interested,Very_Interested,Not_Interested,Interested,Much_Interested,Not_Interested,Somewhat_Interested,Not_Interested,Very_Interested,Somewhat_Interested,High,Medium,Medium,VIT Vellore,CSE
38560,ST,Female,Tamil Nadu,Much_Interested,Somewhat_Interested,Somewhat_Interested,Somewhat_Interested,Somewhat_Interested,Much_Interested,Interested,Not_Interested,Much_Interested,Interested,Interested,Interested,Somewhat_Interested,Much_Interested,Interested,Not_Interested,Not_Interested,Very_Interested,Interested,Much_Interested,Somewhat_Interested,Very_Interested,Low,Low,Low,SRM Chennai,Civil
32971,EWS,Female,Delhi,Not_Interested,Interested,Much_Interested,Much_Interested,Somewhat_Interested,Not_Interested,Somewhat_Interested,Somewhat_Interested,Interested,Somewhat_Interested,Very_Interested,Very_Interested,Somewhat_Interested,Not_Interested,Somewhat_Interested,Much_Interested,Much_Interested,Not_Interested,Interested,Very_Interested,Very_Interested,Interested,Medium,High,Low,DTU,Mechanical
2328,ST,Male,Maharashtra,Interested,Very_Interested,Somewhat_Interested,Very_Interested,Not_Interested,Not_Interested,Much_Interested,Interested,Not_Interested,Interested,Very_Interested,Somewhat_Interested,Not_Interested,Somewhat_Interested,Not_Interested,Interested,Not_Interested,Not_Interested,Very_Interested,Much_Interested,Very_Interested,Somewhat_Interested,Low,Low,High,IIT Kanpur,CSE
40546,EWS,Male,UP,Interested,Somewhat_Interested,Not_Interested,Somewhat_Interested,Much_Interested,Not_Interested,Not_Interested,Much_Interested,Interested,Not_Interested,Interested,Much_Interested,Somewhat_Interested,Not_Interested,Interested,Not_Interested,Interested,Not_Interested,Not_Interested,Not_Interested,Somewhat_Interested,Not_Interested,Medium,Medium,High,VIT Vellore,ECE
44543,ST,Female,West Bengal,Interested,Not_Interested,Not_Interested,Much_Interested,Very_Interested,Not_Interested,Somewhat_Interested,Much_Interested,Not_Interested,Not_Interested,Somewhat_Interested,Much_Interested,Much_Interested,Very_Interested,Not_Interested,Very_Interested,Much_Interested,Very_Interested,Somewhat_Interested,Interested,Somewhat_Interested,Much_Interested,High,High,Medium,MIT Manipal,ECE
25185,GEN,Male,Karnataka,Somewhat_Interested,Not_Interested,Somewhat_Interested,Interested,Much_Interested,Somewhat_Interested,Not_Interested,Interested,Not_Interested,Interested,Interested,Not_Interested,Somewhat_Interested,Much_Interested,Much_Interested,Interested,Not_Interested,Interested,Much_Interested,Interested,Interested,Much_Interested,Medium,Medium,High,MNIT Jaipur,ECE
15709,SC,Female,UP,Interested,Much_Interested,Interested,Very_Interested,Interested,Very_Interested,Interested,Somewhat_Interested,Interested,Somewhat_Interested,Much_Interested,Much_Interested,Not_Interested,Interested,Not_Interested,Interested,Much_Interested,Very_Interested,Not_Interested,Not_Interested,Much_Interested,Much_Interested,High,Low,Low,IIIT Hyderabad,CSE
2812,ST,Female,Rajasthan,Much_Interested,Very_Interested,Not_Interested,Much_Interested,Somewhat_Interested,Somewhat_Interested,Somewhat_Interested,Much_Interested,Interested,Interested,Interested,Very_Interested,Very_Interested,Not_Interested,Much_Interested,Not_Interested,Very_Interested,Much_Interested,Somewhat_Interested,Much_Interested,Very_Interested,Somewhat_Interested,Low,Low,Medium,IIT Bombay,CSE
34755,SC,Female,Tamil Nadu,Not_Interested,Somewhat_Interested,Interested,Much_Interested,Very_Interested,Interested,Much_Interested,Somewhat_Interested,Interested,Much_Interested,Very_Interested,Interested,Interested,Not_Interested,Much_Interested,Much_Interested,Not_Interested,Somewhat_Interested,Somewhat_Interested,Not_Interested,Interested,Very_Interested,Low,Medium,Medium,DTU,ECE
2912,GEN,Female,Tamil Nadu,Interested,Interested,Interested,Not_Interested,Not_Interested,Very_Interested,Interested,Interested,Much_Interested,Very_Interested,Very_Interested,Somewhat_Interested,Interested,Much_Interested,Somewhat_Interested,Not_Interested,Interested,Very_Interested,Interested,Interested,Not_Interested,Much_Interested,Low,Medium,High,IIT Madras,Civil
8681,EWS,Female,West Bengal,Not_Interested,Very_Interested,Not_Interested,Somewhat_Interested,Not_Interested,Interested,Very_Interested,Not_Interested,Very_Interested,Very_Interested,Not_Interested,Not_Interested,Much_Interested,Not_Interested,Not_Interested,Much_Interested,Much_Interested,Interested,Not_Interested,Somewhat_Interested,Very_Interested,Much_Interested,Low,High,Medium,NIT Trichy,CSE
5760,ST,Male,Karnataka,Not_Interested,Very_Interested,Not_Interested,Somewhat_Interested,Interested,Very_Interested,Somewhat_Interested,Interested,Very_Interested,Much_Interested,Not_Interested,Very_Interested,Very_Interested,Somewhat_Interested,Interested,Very_Interested,Not_Interested,Very_Interested,Very_Interested,Somewhat_Interested,Very_Interested,Interested,High,High,High,NIT Surathkal,CSE
11112,SC,Female,Tamil Nadu,Very_Interested,Not_Interested,Much_Interested,Interested,Very_Interested,Much_Interested,Not_Interested,Somewhat_Interested,Not_Interested,Much_Interested,Much_Interested,Very_Interested,Very_Interested,Interested,Somewhat_Interested,Not_Interested,Somewhat_Interested,Not_Interested,Somewhat_Interested,Much_Interested,Much_Interested,Somewhat_Interested,Low,High,Low,NIT Trichy,Mechanical
8156,ST,Male,Delhi,Very_Interested,Not_Interested,Very_Interested,Somewhat_Interested,Not_Interested,Very_Interested,Much_Interested,Very_Interested,Somewhat_Interested,Somewhat_Interested,Much_Interested,Not_Interested,Much_Interested,Very_Interested,Much_Interested,Not_Interested,Interested,Much_Interested,Not_Interested,Interested,Not_Interested,Not_Interested,Medium,Low,High,NIT Warangal,Mechanical
30307,OBC,Female,Maharashtra,Not_Interested,Not_Interested,Much_Interested,Somewhat_Interested,Not_Interested,Somewhat_Interested,Very_Interested,Interested,Somewhat_Interested,Not_Interested,Interested,Somewhat_Interested,Somewhat_Interested,Much_Interested,Interested,Somewhat_Interested,Much_Interested,Not_Interested,Somewhat_Interested,Much_Interested,Much_Interested,Interested,Low,High,Medium,NSUT,Mechanical
31066,EWS,Male,Tamil Nadu,Much_Interested,Interested,Very_Interested,Somewhat_Interested,Interested,Very_Interested,Not_Interested,Much_Interested,Very_Interested,Interested,Somewhat_Interested,Not_Interested,Not_Interested,Very_Interested,Very_Interested,Much_Interested,Not_Interested,Not_Interested,Much_Interested,Somewhat_Interested,Much_Interested,Interested,Low,High,Low,MNIT Jaipur,Mechanical
11836,ST,Male,Rajasthan,Much_Interested,Not_Interested,Interested,Interested,Somewhat_Interested,Somewhat_Interested,Not_Interested,Interested,Interested,Interested,Interested,Not_Interested,Somewhat_Interested,Somewhat_Interested,Very_Interested,Somewhat_Interested,Interested,Much_Interested,Interested,Interested,Somewhat_Interested,Very_Interested,Low,Medium,High,NIT Warangal,Electrical
31617,ST,Female,Delhi,Much_Interested,Somewhat_Interested,Not_Interested,Much_Interested,Somewhat_Interested,Not_Interested,Interested,Interested,Somewhat_Interested,Somewhat_Interested,Somewhat_Interested,Much_Interested,Interested,Much_Interested,Much_Interested,Not_Interested,Somewhat_Interested,Much_Interested,Not_Interested,Very_Interested,Not_Interested,Very_Interested,Medium,Low,High,DTU,Civil
20933,GEN,Male,UP,Interested,Very_Interested,Not_Interested,Not_Interested,Somewhat_Interested,Somewhat_Interested,Very_Interested,Very_Interested,Not_Interested,Not_Interested,Somewhat_Interested,Very_Interested,Very_Interested,Not_Interested,Interested,Not_Interested,Interested,Very_Interested,Not_Interested,Somewhat_Interested,Much_Interested,Very_Interested,Low,Low,High,IIIT Delhi,CSE
7401,SC,Female,West Bengal,Interested,Somewhat_Interested,Somewhat_Interested,Not_Interested,Much_Interested,Much_Interested,Interested,Very_Interested,Very_Interested,Very_Interested,Somewhat_Interested,Somewhat_Interested,Somewhat_Interested,Not_Interested,Somewhat_Interested,Very_Interested,Very_Interested,Much_Interested,Very_Interested,Somewhat_Interested,Somewhat_Interested,Interested,Low,Low,High,NIT Warangal,ECE
15152,ST,Female,UP,Not_Interested,Not_Interested,Very_Interested,Much_Interested,Interested,Very_Interested,Much_Interested,Not_Interested,Much_Interested,Somewhat_Interested,Very_Interested,Interested,Much_Interested,Not_Interested,Much_Interested,Not_Interested,Somewhat_Interested,Not_Interested,Interested,Somewhat_Interested,Much_Interested,Very_Interested,Low,Medium,Low,IIIT Hyderabad,Mechanical
4500,SC,Female,West Bengal,Interested,Somewhat_Interested,Somewhat_Interested,Much_Interested,Interested,Not_Interested,Somewhat_Interested,Somewhat_Interested,Much_Interested,Not_Interested,Somewhat_Interested,Very_Interested,Not_Interested,Interested,Much_Interested,Very_Interested,Very_Interested,Interested,Much_Interested,Somewhat_Interested,Much_Interested,Somewhat_Interested,Low,Low,Medium,IIT Kanpur,Civil
12875,SC,Female,UP,Much_Interested,Somewhat_Interested,Somewhat_Interested,Not_Interested,Not_Interested,Not_Interested,Somewhat_Interested,Very_Interested,Very_Interested,Very_Interested,Interested,Not_Interested,Very_Interested,Not_Interested,Not_Interested,Interested,Somewhat_Interested,Very_Interested,Interested,Somewhat_Interested,Somewhat_Interested,Very_Interested,High,High,Low,NIT Warangal,Civil
5540,OBC,Male,Maharashtra,Somewhat_Interested,Much_Interested,Very_Interested,Much_Interested,Somewhat_Interested,Interested,Somewhat_Interested,Interested,Somewhat_Interested,Very_Interested,Interested,Interested,Much_Interested,Somewhat_Interested,Not_Interested,Not_Interested,Much_Interested,Somewhat_Interested,Very_Interested,Much_Interested,Interested,Very_Interested,Medium,Medium,Medium,NIT Surathkal,CSE
48355,EWS,Male,Maharashtra,Somewhat_Interested,Interested,Much_Interested,Somewhat_Interested,Interested,Interested,Somewhat_Interested,Not_Interested,Much_Interested,Interested,Somewhat_Interested,Interested,Somewhat_Interested,Interested,Very_Interested,Not_Interested,Much_Interested,Not_Interested,Not_Interested,Much_Interested,Not_Interested,Very_Interested,Medium,Medium,High,VIT Vellore,Mechanical
2201,ST,Female,Delhi,Interested,Much_Interested,Somewhat_Interested,Somewhat_Interested,Very_Interested,Somewhat_Interested,Not_Interested,Somewhat_Interested,Not_Interested,Somewhat_Interested,Not_Interested,Not_Interested,Somewhat_Interested,Not_Interested,Very_Interested,Interested,Not_Interested,Not_Interested,Very_Interested,Very_Interested,Much_Interested,Interested,High,High,High,IIT Kanpur,CSE
11970,SC,Female,UP,Interested,Much_Interested,Not_Interested,Not_Interested,Not_Interested,Not_Interested,Not_Interested,Much_Interested,Somewhat_Interested,Interested,Somewhat_Interested,Somewhat_Interested,Not_Interested,Not_Interested,Much_Interested,Interested,Very_Interested,Somewhat_Interested,Very_Interested,Interested,Somewhat_Interested,Very_Interested,Medium,Medium,Medium,NIT Trichy,CSE
46761,EWS,Female,Maharashtra,Somewhat_Interested,Somewhat_Interested,Interested,Very_Interested,Interested,Very_Interested,Very_Interested,Very_Interested,Interested,Very_Interested,Much_Interested,Much_Interested,Not_Interested,Much_Interested,Not_Interested,Much_Interested,Interested,Not_Interested,Somewhat_Interested,Somewhat_Interested,Much_Interested,Somewhat_Interested,High,High,Medium,SRM Chennai,Civil
38468,GEN,Male,Tamil Nadu,Very_Interested,Much_Interested,Much_Interested,Interested,Very_Interested,Not_Interested,Very_Interested,Not_Interested,Much_Interested,Interested,Interested,Much_Interested,Somewhat_Interested,Very_Interested,Interested,Somewhat_Interested,Not_Interested,Interested,Not_Interested,Somewhat_Interested,Not_Interested,Somewhat_Interested,Medium,Medium,High,VIT Vellore,CSE
25877,SC,Male,Rajasthan,Very_Interested,Much_Interested,Interested,Very_Interested,Much_Interested,Interested,Much_Interested,Not_Interested,Somewhat_Interested,Somewhat_Interested,Not_Interested,Much_Interested,Not_Interested,Somewhat_Interested,Somewhat_Interested,Much_Interested,Somewhat_Interested,Not_Interested,Much_Interested,Not_Interested,Much_Interested,Somewhat_Interested,Medium,Medium,High,DTU,CSE
22400,SC,Male,Tamil Nadu,Somewhat_Interested,Not_Interested,Not_Interested,Somewhat_Interested,Somewhat_Interested,Somewhat_Interested,Somewhat_Interested,Somewhat_Interested,Somewhat_Interested,Much_Interested,Very_Interested,Not_Interested,Very_Interested,Much_Interested,Interested,Very_Interested,Interested,Much_Interested,Not_Interested,Interested,Much_Interested,Somewhat_Interested,High,Low,Medium,IIIT Delhi,Electrical
33987,GEN,Female,Karnataka,Very_Interested,Much_Interested,Interested,Very_Interested,Somewhat_Interested,Interested,Interested,Very_Interested,Somewhat_Interested,Very_Interested,Much_Interested,Much_Interested,Not_Interested,Interested,Not_Interested,Somewhat_Interested,Much_Interested,Not_Interested,Much_Interested,Much_Interested,Much_Interested,Very_Interested,High,High,Low,NSUT,CSE
4556,SC,Female,Karnataka,Much_Interested,Somewhat_Interested,Very_Interested,Interested,Much_Interested,Much_Interested,Much_Interested,Much_Interested,Interested,Much_Interested,Somewhat_Interested,Somewhat_Interested,Much_Interested,Not_Interested,Interested,Somewhat_Interested,Somewhat_Interested,Somewhat_Interested,Very_Interested,Very_Interested,Somewhat_Interested,Not_Interested,Medium,Medium,Medium,IIT Bombay,Mechanical
14374,GEN,Female,Rajasthan,Not_Interested,Somewhat_Interested,Much_Interested,Somewhat_Interested,Much_Interested,Somewhat_Interested,Interested,Interested,Interested,Interested,Not_Interested,Not_Interested,Much_Interested,Not_Interested,Somewhat_Interested,Interested,Very_Interested,Very_Interested,Very_Interested,Somewhat_Interested,Very_Interested,Very_Interested,Low,Medium,Low,NIT Warangal,Mechanical
8755,OBC,Female,Delhi,Interested,Interested,Very_Interested,Interested,Much_Interested,Very_Interested,Somewhat_Interested,Interested,Much_Interested,Somewhat_Interested,Very_Interested,Very_Interested,Very_Interested,Much_Interested,Somewhat_Interested,Very_Interested,Much_Interested,Not_Interested,Much_Interested,Not_Interested,Somewhat_Interested,Very_Interested,Medium,High,Low,NIT Surathkal,Mechanical
48405,GEN,Male,Tamil Nadu,Very_Interested,Interested,Interested,Interested,Much_Interested,Somewhat_Interested,Much_Interested,Much_Interested,Very_Interested,Not_Interested,Not_Interested,Very_Interested,Not_Interested,Much_Interested,Somewhat_Interested,Interested,Much_Interested,Much_Interested,Somewhat_Interested,Not_Interested,Somewhat_Interested,Much_Interested,Low,High,High,SRM Chennai,ECE
41920,SC,Female,Maharashtra,Interested,Very_Interested,Much_Interested,Not_Interested,Not_Interested,Not_Interested,Not_Interested,Interested,Very_Interested,Interested,Much_Interested,Not_Interested,Not_Interested,Not_Interested,Much_Interested,Somewhat_Interested,Interested,Very_Interested,Much_Interested,Somewhat_Interested,Somewhat_Interested,Very_Interested,High,Low,Medium,SRM Chennai,CSE
27644,OBC,Female,West Bengal,Not_Interested,Much_Interested,Somewhat_Interested,Very_Interested,Very_Interested,Not_Interested,Very_Interested,Very_Interested,Interested,Much_Interested,Very_Interested,Very_Interested,Somewhat_Interested,Not_Interested,Interested,Not_Interested,Somewhat_Interested,Somewhat_Interested,Somewhat_Interested,Very_Interested,Not_Interested,Not_Interested,Low,Medium,Low,MNIT Jaipur,CSE
37411,OBC,Male,Karnataka,Not_Interested,Very_Interested,Interested,Somewhat_Interested,Much_Interested,Very_Interested,Much_Interested,Very_Interested,Somewhat_Interested,Very_Interested,Somewhat_Interested,Not_Interested,Not_Interested,Very_Interested,Interested,Much_Interested,Very_Interested,Very_Interested,Much_Interested,Very_Interested,Much_Interested,Somewhat_Interested,Low,Medium,Low,MIT Manipal,CSE
18590,SC,Male,West Bengal,Somewhat_Interested,Interested,Not_Interested,Very_Interested,Interested,Not_Interested,Very_Interested,Somewhat_Interested,Somewhat_Interested,Not_Interested,Interested,Very_Interested,Somewhat_Interested,Not_Interested,Much_Interested,Interested,Much_Interested,Interested,Very_Interested,Not_Interested,Very_Interested,Much_Interested,Low,Low,Low,IIIT Hyderabad,Civil
47203,ST,Female,Tamil Nadu,Very_Interested,Not_Interested,Somewhat_Interested,Much_Interested,Interested,Much_Interested,Somewhat_Interested,Interested,Interested,Very_Interested,Not_Interested,Interested,Very_Interested,Not_Interested,Very_Interested,Much_Interested,Much_Interested,Not_Interested,Very_Interested,Somewhat_Interested,Very_Interested,Somewhat_Interested,Low,High,Medium,VIT Vellore,Civil
18712,SC,Male,Maharashtra,Somewhat_Interested,Interested,Not_Interested,Somewhat_Interested,Much_Interested,Not_Interested,Much_Interested,Much_Interested,Very_Interested,Somewhat_Interested,Very_Interested,Much_Interested,Not_Interested,Interested,Very_Interested,Interested,Very_Interested,Somewhat_Interested,Interested,Very_Interested,Much_Interested,Not_Interested,Low,Low,High,IIIT Delhi,ECE
45237,GEN,Male,Delhi,Somewhat_Interested,Very_Interested,Not_Interested,Very_Interested,Not_Interested,Much_Interested,Somewhat_Interested,Very_Interested,Not_Interested,Not_Interested,Very_Interested,Somewhat_Interested,Much_Interested,Much_Interested,Interested,Interested,Interested,Somewhat_Interested,Interested,Interested,Somewhat_Interested,Interested,Low,High,Low,VIT Vellore,CSE
191,GEN,Male,Tamil Nadu,Somewhat_Interested,Very_Interested,Not_Interested,Interested,Much_Interested,Somewhat_Interested,Interested,Somewhat_Interested,Interested,Very_Interested,Very_Interested,Much_Interested,Interested,Not_Interested,Very_Interested,Much_Interested,Interested,Much_Interested,Very_Interested,Much_Interested,Interested,Somewhat_Interested,Medium,Low,Low,IIT Kanpur,CSE
26642,ST,Male,UP,Much_Interested,Very_Interested,Very_Interested,Very_Interested,Much_Interested,Much_Interested,Much_Interested,Somewhat_Interested,Interested,Very_Interested,Not_Interested,Not_Interested,Interested,Very_Interested,Very_Interested,Very_Interested,Much_Interested,Somewhat_Interested,Much_Interested,Very_Interested,Interested,Very_Interested,Low,High,Medium,MNIT Jaipur,CSE
34664,ST,Female,UP,Much_Interested,Interested,Much_Interested,Much_Interested,Interested,Interested,Somewhat_Interested,Much_Interested,Very_Interested,Not_Interested,Not_Interested,Not_Interested,Much_Interested,Interested,Somewhat_Interested,Somewhat_Interested,Not_Interested,Somewhat_Interested,Very_Interested,Very_Interested,Interested,Somewhat_Interested,High,High,Low,MNIT Jaipur,Mechanical
7456,EWS,Male,Tamil Nadu,Not_Interested,Somewhat_Interested,Interested,Not_Interested,Not_Interested,Interested,Somewhat_Interested,Interested,Much_Interested,Very_Interested,Interested,Not_Interested,Much_Interested,Very_Interested,Interested,Very_Interested,Somewhat_Interested,Not_Interested,Interested,Not_Interested,Much_Interested,Much_Interested,Medium,High,High,NIT Trichy,ECE
16539,EWS,Female,Maharashtra,Much_Interested,Not_Interested,Interested,Interested,Not_Interested,Very_Interested,Interested,Not_Interested,Not_Interested,Much_Interested,Not_Interested,Much_Interested,Somewhat_Interested,Not_Interested,Interested,Much_Interested,Somewhat_Interested,Very_Interested,Very_Interested,Very_Interested,Much_Interested,Not_Interested,Low,Medium,High,IIIT Hyderabad,ECE
45018,SC,Male,West Bengal,Very_Interested,Much_Interested,Not_Interested,Much_Interested,Very_Interested,Not_Interested,Interested,Very_Interested,Interested,Somewhat_Interested,Not_Interested,Very_Interested,Interested,Interested,Interested,Much_Interested,Much_Interested,Somewhat_Interested,Somewhat_Interested,Interested,Much_Interested,Not_Interested,Low,High,High,VIT Vellore,CSE
40865,ST,Female,Rajasthan,Much_Interested,Very_Interested,Not_Interested,Somewhat_Interested,Not_Interested,Very_Interested,Much_Interested,Not_Interested,Interested,Not_Interested,Much_Interested,Not_Interested,Very_Interested,Somewhat_Interested,Much_Interested,Interested,Very_Interested,Much_Interested,Interested,Interested,Much_Interested,Very_Interested,Low,Medium,Low,VIT Vellore,CSE
12534,GEN,Female,Maharashtra,Very_Interested,Somewhat_Interested,Somewhat_Interested,Somewhat_Interested,Much_Interested,Somewhat_Interested,Somewhat_Interested,Somewhat_Interested,Interested,Not_Interested,Somewhat_Interested,Very_Interested,Somewhat_Interested,Not_Interested,Much_Interested,Much_Interested,Somewhat_Interested,Very_Interested,Very_Interested,Interested,Very_Interested,Interested,Medium,Low,Medium,NIT Trichy,ECE
5802,GEN,Male,Maharashtra,Somewhat_Interested,Much_Interested,Not_Interested,Somewhat_Interested,Much_Interested,Very_Interested,Very_Interested,Interested,Much_Interested,Much_Interested,Somewhat_Interested,Not_Interested,Not_Interested,Interested,Interested,Interested,Much_Interested,Very_Interested,Very_Interested,Somewhat_Interested,Not_Interested,Not_Interested,Medium,Low,Medium,NIT Trichy,CSE
29593,SC,Female,Delhi,Much_Interested,Much_Interested,Interested,Very_Interested,Somewhat_Interested,Very_Interested,Interested,Somewhat_Interested,Somewhat_Interested,Somewhat_Interested,Interested,Very_Interested,Not_Interested,Somewhat_Interested,Much_Interested,Interested,Somewhat_Interested,Interested,Much_Interested,Somewhat_Interested,Very_Interested,Interested,Low,Medium,High,DTU,CSE
24377,OBC,Male,UP,Not_Interested,Much_Interested,Not_Interested,Very_Interested,Somewhat_Interested,Not_Interested,Somewhat_Interested,Not_Interested,Somewhat_Interested,Not_Interested,Much_Interested,Somewhat_Interested,Interested,Very_Interested,Somewhat_Interested,Very_Interested,Not_Interested,Not_Interested,Not_Interested,Not_Interested,Not_Interested,Much_Interested,Low,Low,Low,IIIT Hyderabad,CSE
2369,GEN,Female,UP,Much_Interested,Not_Interested,Interested,Interested,Very_Interested,Very_Interested,Somewhat_Interested,Not_Interested,Somewhat_Interested,Not_Interested,Interested,Interested,Not_Interested,Somewhat_Interested,Very_Interested,Not_Interested,Not_Interested,Not_Interested,Somewhat_Interested,Very_Interested,Somewhat_Interested,Much_Interested,Low,High,Low,IIT Madras,ECE
4496,EWS,Female,Tamil Nadu,Somewhat_Interested,Not_Interested,Not_Interested,Somewhat_Interested,Very_Interested,Much_Interested,Interested,Somewhat_Interested,Much_Interested,Not_Interested,Not_Interested,Somewhat_Interested,Very_Interested,Somewhat_Interested,Interested,Much_Interested,Very_Interested,Somewhat_Interested,Interested,Interested,Very_Interested,Interested,Medium,High,High,IIT Bombay,ECE
22387,OBC,Male,Maharashtra,Interested,Somewhat_Interested,Not_Interested,Very_Interested,Much_Interested,Somewhat_Interested,Much_Interested,Somewhat_Interested,Somewhat_Interested,Not_Interested,Interested,Very_Interested,Not_Interested,Much_Interested,Very_Interested,Interested,Not_Interested,Somewhat_Interested,Much_Interested,Not_Interested,Not_Interested,Very_Interested,Low,Low,Low,IIIT Delhi,ECE
13122,GEN,Female,Rajasthan,Interested,Somewhat_Interested,Not_Interested,Somewhat_Interested,Very_Interested,Very_Interested,Much_Interested,Interested,Somewhat_Interested,Not_Interested,Somewhat_Interested,Much_Interested,Somewhat_Interested,Not_Interested,Not_Interested,Interested,Interested,Much_Interested,Interested,Very_Interested,Interested,Very_Interested,High,Low,Low,NIT Warangal,ECE
42676,OBC,Male,Maharashtra,Very_Interested,Somewhat_Interested,Much_Interested,Much_Interested,Not_Interested,Very_Interested,Much_Interested,Interested,Not_Interested,Interested,Interested,Somewhat_Interested,Somewhat_Interested,Interested,Somewhat_Interested,Interested,Much_Interested,Somewhat_Interested,Interested,Not_Interested,Not_Interested,Somewhat_Interested,High,High,Medium,MIT Manipal,Mechanical
29750,EWS,Female,Maharashtra,Very_Interested,Interested,Interested,Interested,Interested,Interested,Interested,Much_Interested,Much_Interested,Not_Interested,Much_Interested,Very_Interested,Not_Interested,Somewhat_Interested,Interested,Much_Interested,Very_Interested,Somewhat_Interested,Interested,Interested,Somewhat_Interested,Somewhat_Interested,Medium,High,High,DTU,Electrical
48097,ST,Female,Karnataka,Not_Interested,Much_Interested,Interested,Very_Interested,Somewhat_Interested,Much_Interested,Interested,Not_Interested,Much_Interested,Interested,Very_Interested,Much_Interested,Interested,Much_Interested,Interested,Somewhat_Interested,Interested,Interested,Interested,Not_Interested,Interested,Somewhat_Interested,High,High,High,MIT Manipal,CSE
48748,GEN,Female,Delhi,Not_Interested,Interested,Somewhat_Interested,Very_Interested,Much_Interested,Much_Interested,Much_Interested,Interested,Somewhat_Interested,Not_Interested,Somewhat_Interested,Much_Interested,Interested,Much_Interested,Very_Interested,Somewhat_Interested,Interested,Much_Interested,Interested,Very_Interested,Very_Interested,Somewhat_Interested,High,Low,Medium,VIT Vellore,ECE
21700,OBC,Female,Rajasthan,Somewhat_Interested,Somewhat_Interested,Somewhat_Interested,Very_Interested,Very_Interested,Not_Interested,Much_Interested,Interested,Very_Interested,Interested,Not_Interested,Much_Interested,Very_Interested,Very_Interested,Much_Interested,Much_Interested,Interested,Interested,Much_Interested,Very_Interested,Somewhat_Interested,Not_Interested,Low,Low,Medium,IIIT Delhi,ECE
32094,ST,Female,Tamil Nadu,Somewhat_Interested,Interested,Much_Interested,Much_Interested,Somewhat_Interested,Very_Interested,Much_Interested,Much_Interested,Much_Interested,Much_Interested,Very_Interested,Not_Interested,Not_Interested,Much_Interested,Very_Interested,Interested,Very_Interested,Somewhat_Interested,Interested,Not_Interested,Not_Interested,Very_Interested,High,Low,Low,MNIT Jaipur,Mechanical
39735,GEN,Female,Tamil Nadu,Not_Interested,Interested,Somewhat_Interested,Much_Interested,Much_Interested,Very_Interested,Interested,Somewhat_Interested,Very_Interested,Not_Interested,Interested,Not_Interested,Not_Interested,Much_Interested,Somewhat_Interested,Very_Interested,Not_Interested,Not_Interested,Very_Interested,Interested,Very_Interested,Very_Interested,Medium,High,Low,SRM Chennai,ECE
39568,ST,Female,Delhi,Much_Interested,Somewhat_Interested,Interested,Much_Interested,Very_Interested,Very_Interested,Very_Interested,Very_Interested,Not_Interested,Somewhat_Interested,Much_Interested,Very_Interested,Not_Interested,Very_Interested,Very_Interested,Interested,Much_Interested,Somewhat_Interested,Interested,Interested,Somewhat_Interested,Very_Interested,Medium,Medium,High,SRM Chennai,ECE
17020,ST,Male,UP,Much_Interested,Much_Interested,Interested,Interested,Somewhat_Interested,Not_Interested,Interested,Very_Interested,Interested,Interested,Much_Interested,Very_Interested,Somewhat_Interested,Somewhat_Interested,Somewhat_Interested,Interested,Somewhat_Interested,Somewhat_Interested,Somewhat_Interested,Much_Interested,Very_Interested,Much_Interested,Low,Medium,High,IIIT Delhi,CSE
21137,EWS,Female,Delhi,Not_Interested,Very_Interested,Much_Interested,Somewhat_Interested,Somewhat_Interested,Very_Interested,Somewhat_Interested,Somewhat_Interested,Very_Interested,Very_Interested,Interested,Interested,Very_Interested,Not_Interested,Not_Interested,Not_Interested,Much_Interested,Interested,Not_Interested,Not_Interested,Not_Interested,Very_Interested,Medium,High,High,IIIT Delhi,CSE
32218,OBC,Male,UP,Somewhat_Interested,Much_Interested,Very_Interested,Somewhat_Interested,Interested,Much_Interested,Interested,Interested,Very_Interested,Not_Interested,Much_Interested,Not_Interested,Somewhat_Interested,Somewhat_Interested,Much_Interested,Very_Interested,Somewhat_Interested,Somewhat_Interested,Not_Interested,Somewhat_Interested,Very_Interested,Somewhat_Interested,Medium,High,High,DTU,CSE
9205,GEN,Female,Tamil Nadu,Very_Interested,Not_Interested,Not_Interested,Interested,Not_Interested,Not_Interested,Much_Interested,Somewhat_Interested,Interested,Interested,Very_Interested,Much_Interested,Somewhat_Interested,Interested,Not_Interested,Not_Interested,Not_Interested,Somewhat_Interested,Interested,Somewhat_Interested,Very_Interested,Very_Interested,Medium,Medium,High,NIT Surathkal,Electrical
46176,EWS,Female,Rajasthan,Much_Interested,Somewhat_Interested,Much_Interested,Somewhat_Interested,Very_Interested,Interested,Not_Interested,Much_Interested,Much_Interested,Very_Interested,Somewhat_Interested,Much_Interested,Somewhat_Interested,Much_Interested,Interested,Very_Interested,Somewhat_Interested,Very_Interested,Not_Interested,Very_Interested,Somewhat_Interested,Somewhat_Interested,Medium,Low,High,MIT Manipal,Mechanical
49013,GEN,Female,West Bengal,Not_Interested,Much_Interested,Much_Interested,Very_Interested,Somewhat_Interested,Not_Interested,Not_Interested,Interested,Not_Interested,Somewhat_Interested,Somewhat_Interested,Not_Interested,Much_Interested,Interested,Somewhat_Interested,Interested,Interested,Somewhat_Interested,Much_Interested,Much_Interested,Somewhat_Interested,Not_Interested,High,High,Medium,MIT Manipal,CSE
13501,EWS,Male,Delhi,Interested,Much_Interested,Much_Interested,Not_Interested,Not_Interested,Interested,Very_Interested,Interested,Not_Interested,Somewhat_Interested,Not_Interested,Not_Interested,Somewhat_Interested,Not_Interested,Interested,Somewhat_Interested,Very_Interested,Not_Interested,Very_Interested,Very_Interested,Somewhat_Interested,Much_Interested,Medium,Low,Medium,NIT Warangal,CSE
47894,SC,Male,West Bengal,Much_Interested,Not_Interested,Very_Interested,Interested,Somewhat_Interested,Very_Interested,Not_Interested,Not_Interested,Much_Interested,Not_Interested,Somewhat_Interested,Much_Interested,Not_Interested,Interested,Very_Interested,Somewhat_Interested,Somewhat_Interested,Somewhat_Interested,Interested,Not_Interested,Very_Interested,Very_Interested,High,Medium,Low,MIT Manipal,Mechanical
1680,SC,Male,West Bengal,Somewhat_Interested,Much_Interested,Very_Interested,Much_Interested,Much_Interested,Not_Interested,Very_Interested,Somewhat_Interested,Very_Interested,Somewhat_Interested,Interested,Not_Interested,Interested,Much_Interested,Much_Interested,Not_Interested,Interested,Very_Interested,Interested,Somewhat_Interested,Much_Interested,Very_Interested,High,High,High,IIT Madras,CSE
7254,ST,Female,UP,Much_Interested,Not_Interested,Very_Interested,Not_Interested,Much_Interested,Somewhat_Interested,Not_Interested,Not_Interested,Somewhat_Interested,Very_Interested,Interested,Much_Interested,Much_Interested,Interested,Interested,Interested,Interested,Much_Interested,Not_Interested,Not_Interested,Somewhat_Interested,Not_Interested,High,Medium,Medium,NIT Trichy,Mechanical
44079,EWS,Male,UP,Very_Interested,Somewhat_Interested,Interested,Not_Interested,Interested,Very_Interested,Not_Interested,Interested,Not_Interested,Not_Interested,Somewhat_Interested,Somewhat_Interested,Very_Interested,Interested,Much_Interested,Interested,Not_Interested,Very_Interested,Very_Interested,Much_Interested,Not_Interested,Not_Interested,High,High,Low,MIT Manipal,Civil
13246,GEN,Male,Karnataka,Much_Interested,Very_Interested,Somewhat_Interested,Interested,Very_Interested,Very_Interested,Very_Interested,Very_Interested,Much_Interested,Interested,Not_Interested,Very_Interested,Not_Interested,Much_Interested,Interested,Somewhat_Interested,Somewhat_Interested,Somewhat_Interested,Somewhat_Interested,Somewhat_Interested,Interested,Very_Interested,High,High,High,NIT Trichy,CSE
43920,EWS,Male,Rajasthan,Not_Interested,Very_Interested,Interested,Interested,Not_Interested,Very_Interested,Interested,Somewhat_Interested,Somewhat_Interested,Somewhat_Interested,Very_Interested,Somewhat_Interested,Much_Interested,Not_Interested,Much_Interested,Much_Interested,Somewhat_Interested,Not_Interested,Interested,Much_Interested,Interested,Interested,Low,Low,Low,MIT Manipal,CSE
26212,EWS,Female,Karnataka,Much_Interested,Interested,Much_Interested,Somewhat_Interested,Not_Interested,Much_Interested,Much_Interested,Much_Interested,Much_Interested,Not_Interested,Interested,Much_Interested,Very_Interested,Much_Interested,Not_Interested,Very_Interested,Not_Interested,Somewhat_Interested,Not_Interested,Very_Interested,Interested,Very_Interested,High,High,Medium,NSUT,Mechanical
26647,SC,Male,Rajasthan,Interested,Not_Interested,Very_Interested,Much_Interested,Interested,Somewhat_Interested,Somewhat_Interested,Interested,Not_Interested,Interested,Not_Interested,Much_Interested,Not_Interested,Not_Interested,Interested,Interested,Somewhat_Interested,Much_Interested,Very_Interested,Interested,Much_Interested,Much_Interested,Medium,Low,High,MNIT Jaipur,Mechanical
31844,SC,Female,Tamil Nadu,Interested,Somewhat_Interested,Not_Interested,Very_Interested,Much_Interested,Not_Interested,Very_Interested,Interested,Much_Interested,Not_Interested,Much_Interested,Interested,Very_Interested,Very_Interested,Very_Interested,Not_Interested,Very_Interested,Not_Interested,Not_Interested,Somewhat_Interested,Not_Interested,Much_Interested,High,High,Medium,MNIT Jaipur,ECE
40159,OBC,Female,Tamil Nadu,Much_Interested,Somewhat_Interested,Not_Interested,Not_Interested,Very_Interested,Somewhat_Interested,Interested,Not_Interested,Very_Interested,Much_Interested,Not_Interested,Much_Interested,Not_Interested,Much_Interested,Somewhat_Interested,Much_Interested,Much_Interested,Not_Interested,Not_Interested,Much_Interested,Somewhat_Interested,Interested,Low,Low,Medium,SRM Chennai,ECE
35258,OBC,Male,Rajasthan,Somewhat_Interested,Somewhat_Interested,Somewhat_Interested,Very_Interested,Very_Interested,Interested,Very_Interested,Not_Interested,Interested,Interested,Not_Interested,Not_Interested,Not_Interested,Much_Interested,Somewhat_Interested,Somewhat_Interested,Interested,Not_Interested,Very_Interested,Not_Interested,Interested,Somewhat_Interested,Medium,Medium,Medium,SRM Chennai,ECE
16365,EWS,Male,Karnataka,Much_Interested,Much_Interested,Very_Interested,Not_Interested,Interested,Much_Interested,Much_Interested,Much_Interested,Much_Interested,Interested,Not_Interested,Very_Interested,Much_Interested,Somewhat_Interested,Interested,Very_Interested,Somewhat_Interested,Somewhat_Interested,Somewhat_Interested,Much_Interested,Not_Interested,Much_Interested,Low,Low,Low,IIIT Hyderabad,CSE
38647,OBC,Male,Karnataka,Much_Interested,Interested,Much_Interested,Not_Interested,Somewhat_Interested,Not_Interested,Not_Interested,Very_Interested,Interested,Very_Interested,Much_Interested,Somewhat_Interested,Not_Interested,Somewhat_Interested,Somewhat_Interested,Much_Interested,Much_Interested,Somewhat_Interested,Not_Interested,Much_Interested,Not_Interested,Much_Interested,Low,High,High,SRM Chennai,Mechanical
49116,ST,Male,Delhi,Much_Interested,Very_Interested,Very_Interested,Much_Interested,Not_Interested,Not_Interested,Somewhat_Interested,Much_Interested,Not_Interested,Very_Interested,Much_Interested,Somewhat_Interested,Not_Interested,Not_Interested,Very_Interested,Not_Interested,Not_Interested,Very_Interested,Very_Interested,Somewhat_Interested,Much_Interested,Not_Interested,High,Medium,Medium,VIT Vellore,CSE
11939,EWS,Female,Delhi,Interested,Not_Interested,Not_Interested,Very_Interested,Somewhat_Interested,Much_Interested,Interested,Somewhat_Interested,Much_Interested,Very_Interested,Interested,Not_Interested,Not_Interested,Somewhat_Interested,Interested,Much_Interested,Very_Interested,Very_Interested,Not_Interested,Not_Interested,Very_Interested,Not_Interested,High,Medium,Medium,NIT Surathkal,Civil
5053,GEN,Male,Tamil Nadu,Not_Interested,Somewhat_Interested,Not_Interested,Interested,Not_Interested,Interested,Somewhat_Interested,Much_Interested,Somewhat_Interested,Not_Interested,Not_Interested,Somewhat_Interested,Much_Interested,Interested,Not_Interested,Not_Interested,Somewhat_Interested,Interested,Interested,Not_Interested,Interested,Somewhat_Interested,High,Low,Medium,NIT Warangal,ECE
38156,GEN,Male,Karnataka,Not_Interested,Not_Interested,Very_Interested,Much_Interested,Somewhat_Interested,Very_Interested,Very_Interested,Much_Interested,Somewhat_Interested,Not_Interested,Somewhat_Interested,Very_Interested,Very_Interested,Interested,Much_Interested,Interested,Very_Interested,Not_Interested,Very_Interested,Somewhat_Interested,Somewhat_Interested,Not_Interested,High,High,Low,VIT Vellore,Mechanical
38305,ST,Female,UP,Much_Interested,Very_Interested,Not_Interested,Not_Interested,Not_Interested,Much_Interested,Not_Interested,Much_Interested,Very_Interested,Interested,Much_Interested,Very_Interested,Much_Interested,Very_Interested,Interested,Somewhat_Interested,Interested,Somewhat_Interested,Somewhat_Interested,Not_Interested,Much_Interested,Not_Interested,High,Medium,High,MIT Manipal,CSE
17451,EWS,Female,Maharashtra,Not_Interested,Much_Interested,Somewhat_Interested,Somewhat_Interested,Not_Interested,Very_Interested,Interested,Much_Interested,Somewhat_Interested,Not_Interested,Very_Interested,Not_Interested,Very_Interested,Not_Interested,Interested,Interested,Very_Interested,Not_Interested,Interested,Not_Interested,Not_Interested,Interested,High,Medium,Low,IIIT Delhi,CSE
20492,ST,Female,Karnataka,Very_Interested,Interested,Very_Interested,Somewhat_Interested,Much_Interested,Much_Interested,Interested,Somewhat_Interested,Interested,Not_Interested,Not_Interested,Very_Interested,Interested,Much_Interested,Interested,Very_Interested,Somewhat_Interested,Interested,Very_Interested,Not_Interested,Much_Interested,Somewhat_Interested,High,Medium,Low,IIIT Hyderabad,Mechanical
31997,ST,Male,Delhi,Much_Interested,Much_Interested,Much_Interested,Much_Interested,Not_Interested,Interested,Much_Interested,Very_Interested,Very_Interested,Very_Interested,Somewhat_Interested,Not_Interested,Very_Interested,Not_Interested,Very_Interested,Somewhat_Interested,Interested,Not_Interested,Interested,Somewhat_Interested,Not_Interested,Interested,Medium,Low,High,DTU,CSE
34851,GEN,Female,Tamil Nadu,Somewhat_Interested,Much_Interested,Somewhat_Interested,Very_Interested,Not_Interested,Somewhat_Interested,Interested,Very_Interested,Very_Interested,Much_Interested,Somewhat_Interested,Not_Interested,Very_Interested,Interested,Interested,Not_Interested,Interested,Much_Interested,Not_Interested,Interested,Much_Interested,Interested,Medium,Low,Medium,NSUT,CSE
23133,OBC,Female,Rajasthan,Somewhat_Interested,Interested,Somewhat_Interested,Much_Interested,Not_Interested,Much_Interested,Not_Interested,Much_Interested,Very_Interested,Interested,Much_Interested,Not_Interested,Somewhat_Interested,Somewhat_Interested,Much_Interested,Much_Interested,Much_Interested,Somewhat_Interested,Very_Interested,Much_Interested,Somewhat_Interested,Somewhat_Interested,Medium,Medium,Medium,IIIT Hyderabad,Civil
41577,ST,Male,Rajasthan,Much_Interested,Interested,Somewhat_Interested,Very_Interested,Somewhat_Interested,Interested,Interested,Interested,Interested,Not_Interested,Not_Interested,Interested,Interested,Very_Interested,Somewhat_Interested,Very_Interested,Interested,Not_Interested,Much_Interested,Not_Interested,Not_Interested,Not_Interested,Medium,High,High,SRM Chennai,Civil
17210,ST,Male,Tamil Nadu,Much_Interested,Much_Interested,Interested,Somewhat_Interested,Not_Interested,Not_Interested,Somewhat_Interested,Very_Interested,Very_Interested,Much_Interested,Interested,Much_Interested,Interested,Interested,Interested,Interested,Not_Interested,Somewhat_Interested,Interested,Somewhat_Interested,Interested,Not_Interested,Low,Low,Low,IIIT Hyderabad,CSE
11339,OBC,Female,Rajasthan,Much_Interested,Somewhat_Interested,Very_Interested,Very_Interested,Very_Interested,Somewhat_Interested,Not_Interested,Very_Interested,Very_Interested,Somewhat_Interested,Not_Interested,Very_Interested,Very_Interested,Interested,Not_Interested,Much_Interested,Very_Interested,Somewhat_Interested,Interested,Much_Interested,Much_Interested,Interested,High,Low,Low,NIT Trichy,Mechanical
44426,SC,Female,West Bengal,Not_Interested,Interested,Not_Interested,Somewhat_Interested,Much_Interested,Not_Interested,Much_Interested,Not_Interested,Not_Interested,Somewhat_Interested,Not_Interested,Somewhat_Interested,Not_Interested,Not_Interested,Interested,Interested,Somewhat_Interested,Not_Interested,Much_Interested,Very_Interested,Somewhat_Interested,Interested,Low,Medium,Low,VIT Vellore,ECE
35736,EWS,Male,Maharashtra,Not_Interested,Very_Interested,Somewhat_Interested,Somewhat_Interested,Interested,Very_Interested,Somewhat_Interested,Interested,Not_Interested,Much_Interested,Very_Interested,Not_Interested,Interested,Much_Interested,Somewhat_Interested,Not_Interested,Somewhat_Interested,Somewhat_Interested,Much_Interested,Much_Interested,Somewhat_Interested,Somewhat_Interested,Medium,High,Low,MIT Manipal,CSE
17507,EWS,Female,Maharashtra,Much_Interested,Very_Interested,Much_Interested,Much_Interested,Interested,Very_Interested,Somewhat_Interested,Not_Interested,Somewhat_Interested,Interested,Not_Interested,Somewhat_Interested,Much_Interested,Interested,Very_Interested,Much_Interested,Very_Interested,Not_Interested,Very_Interested,Much_Interested,Very_Interested,Interested,High,Low,Low,IIIT Hyderabad,CSE
37842,OBC,Male,Tamil Nadu,Somewhat_Interested,Interested,Somewhat_Interested,Interested,Somewhat_Interested,Very_Interested,Interested,Very_Interested,Much_Interested,Very_Interested,Interested,Somewhat_Interested,Very_Interested,Not_Interested,Somewhat_Interested,Much_Interested,Much_Interested,Interested,Somewhat_Interested,Very_Interested,Very_Interested,Much_Interested,High,Low,Low,SRM Chennai,CSE
34912,EWS,Male,Tamil Nadu,Interested,Much_Interested,Very_Interested,Not_Interested,Not_Interested,Very_Interested,Interested,Somewhat_Interested,Interested,Much_Interested,Interested,Very_Interested,Much_Interested,Very_Interested,Much_Interested,Somewhat_Interested,Interested,Very_Interested,Much_Interested,Interested,Not_Interested,Very_Interested,Low,High,High,NSUT,CSE
36209,EWS,Male,Maharashtra,Much_Interested,Somewhat_Interested,Very_Interested,Not_Interested,Interested,Very_Interested,Very_Interested,Interested,Much_Interested,Not_Interested,Very_Interested,Much_Interested,Somewhat_Interested,Much_Interested,Interested,Not_Interested,Interested,Somewhat_Interested,Much_Interested,Very_Interested,Somewhat_Interested,Interested,Low,Medium,High,SRM Chennai,Mechanical
21353,EWS,Female,Karnataka,Not_Interested,Much_Interested,Not_Interested,Interested,Interested,Somewhat_Interested,Interested,Not_Interested,Not_Interested,Much_Interested,Very_Interested,Not_Interested,Much_Interested,Somewhat_Interested,Interested,Interested,Not_Interested,Interested,Somewhat_Interested,Very_Interested,Not_Interested,Somewhat_Interested,High,Medium,High,IIIT Hyderabad,CSE
14398,SC,Male,Rajasthan,Not_Interested,Somewhat_Interested,Not_Interested,Much_Interested,Not_Interested,Interested,Interested,Somewhat_Interested,Interested,Very_Interested,Very_Interested,Not_Interested,Very_Interested,Very_Interested,Much_Interested,Much_Interested,Very_Interested,Much_Interested,Very_Interested,Somewhat_Interested,Much_Interested,Very_Interested,High,Medium,High,NIT Warangal,Civil
699,EWS,Female,UP,Not_Interested,Very_Interested,Very_Interested,Much_Interested,Somewhat_Interested,Very_Interested,Somewhat_Interested,Very_Interested,Interested,Not_Interested,Somewhat_Interested,Interested,Very_Interested,Not_Interested,Interested,Not_Interested,Very_Interested,Very_Interested,Interested,Very_Interested,Much_Interested,Not_Interested,High,Medium,Low,IIT Delhi,CSE
13924,EWS,Male,Karnataka,Very_Interested,Not_Interested,Interested,Somewhat_Interested,Somewhat_Interested,Very_Interested,Much_Interested,Much_Interested,Not_Interested,Somewhat_Interested,Not_Interested,Interested,Much_Interested,Not_Interested,Not_Interested,Somewhat_Interested,Interested,Interested,Not_Interested,Interested,Interested,Somewhat_Interested,High,Low,High,NIT Warangal,ECE
24467,ST,Female,Maharashtra,Somewhat_Interested,Very_Interested,Very_Interested,Interested,Not_Interested,Very_Interested,Not_Interested,Much_Interested,Interested,Very_Interested,Interested,Much_Interested,Much_Interested,Interested,Very_Interested,Interested,Not_Interested,Not_Interested,Not_Interested,Not_Interested,Not_Interested,Much_Interested,Medium,Low,Low,IIIT Delhi,CSE
35271,SC,Male,Delhi,Very_Interested,Not_Interested,Somewhat_Interested,Not_Interested,Much_Interested,Very_Interested,Interested,Somewhat_Interested,Much_Interested,Somewhat_Interested,Not_Interested,Very_Interested,Not_Interested,Interested,Very_Interested,Not_Interested,Somewhat_Interested,Very_Interested,Very_Interested,Interested,Interested,Somewhat_Interested,High,High,High,VIT Vellore,ECE
5487,ST,Male,Maharashtra,Not_Interested,Not_Interested,Much_Interested,Interested,Not_Interested,Much_Interested,Much_Interested,Very_Interested,Somewhat_Interested,Somewhat_Interested,Not_Interested,Not_Interested,Not_Interested,Very_Interested,Much_Interested,Somewhat_Interested,Interested,Somewhat_Interested,Much_Interested,Much_Interested,Interested,Very_Interested,High,Medium,Medium,NIT Trichy,Mechanical
37260,ST,Female,West Bengal,Somewhat_Interested,Not_Interested,Much_Interested,Somewhat_Interested,Somewhat_Interested,Not_Interested,Much_Interested,Not_Interested,Not_Interested,Not_Interested,Much_Interested,Much_Interested,Very_Interested,Interested,Somewhat_Interested,Interested,Not_Interested,Very_Interested,Very_Interested,Somewhat_Interested,Somewhat_Interested,Interested,Medium,High,High,VIT Vellore,Mechanical
27193,SC,Male,Maharashtra,Somewhat_Interested,Very_Interested,Much_Interested,Much_Interested,Interested,Much_Interested,Very_Interested,Very_Interested,Very_Interested,Much_Interested,Not_Interested,Much_Interested,Interested,Very_Interested,Interested,Very_Interested,Interested,Somewhat_Interested,Somewhat_Interested,Very_Interested,Interested,Much_Interested,Low,High,High,NSUT,CSE
24245,EWS,Female,Karnataka,Somewhat_Interested,Not_Interested,Not_Interested,Very_Interested,Interested,Much_Interested,Very_Interested,Interested,Much_Interested,Not_Interested,Interested,Very_Interested,Somewhat_Interested,Very_Interested,Very_Interested,Somewhat_Interested,Interested,Interested,Very_Interested,Very_Interested,Interested,Somewhat_Interested,Medium,Medium,High,IIIT Hyderabad,Civil
22926,OBC,Male,Karnataka,Very_Interested,Much_Interested,Not_Interested,Interested,Interested,Somewhat_Interested,Somewhat_Interested,Much_Interested,Very_Interested,Interested,Interested,Interested,Interested,Much_Interested,Not_Interested,Interested,Very_Interested,Interested,Somewhat_Interested,Very_Interested,Not_Interested,Interested,Medium,High,Low,IIIT Hyderabad,CSE
38103,ST,Male,Tamil Nadu,Somewhat_Interested,Interested,Not_Interested,Interested,Somewhat_Interested,Not_Interested,Much_Interested,Much_Interested,Much_Interested,Not_Interested,Not_Interested,Much_Interested,Much_Interested,Interested,Not_Interested,Much_Interested,Somewhat_Interested,Much_Interested,Not_Interested,Much_Interested,Interested,Very_Interested,Low,Medium,Low,MIT Manipal,CSE
6802,SC,Female,Tamil Nadu,Interested,Much_Interested,Much_Interested,Very_Interested,Much_Interested,Much_Interested,Very_Interested,Not_Interested,Not_Interested,Interested,Not_Interested,Not_Interested,Not_Interested,Much_Interested,Not_Interested,Much_Interested,Much_Interested,Very_Interested,Interested,Very_Interested,Somewhat_Interested,Much_Interested,High,High,Medium,NIT Trichy,CSE
48137,ST,Female,Tamil Nadu,Much_Interested,Much_Interested,Very_Interested,Somewhat_Interested,Very_Interested,Interested,Somewhat_Interested,Much_Interested,Much_Interested,Much_Interested,Very_Interested,Much_Interested,Somewhat_Interested,Not_Interested,Somewhat_Interested,Interested,Somewhat_Interested,Much_Interested,Somewhat_Interested,Somewhat_Interested,Very_Interested,Not_Interested,Medium,High,High,MIT Manipal,CSE
7057,EWS,Male,Karnataka,Somewhat_Interested,Very_Interested,Much_Interested,Not_Interested,Not_Interested,Somewhat_Interested,Very_Interested,Not_Interested,Somewhat_Interested,Not_Interested,Very_Interested,Much_Interested,Interested,Somewhat_Interested,Somewhat_Interested,Interested,Interested,Somewhat_Interested,Much_Interested,Somewhat_Interested,Interested,Not_Interested,Medium,High,Medium,NIT Trichy,CSE
21678,EWS,Male,Delhi,Somewhat_Interested,Interested,Somewhat_Interested,Very_Interested,Much_Interested,Somewhat_Interested,Not_Interested,Much_Interested,Somewhat_Interested,Very_Interested,Interested,Interested,Much_Interested,Very_Interested,Very_Interested,Very_Interested,Somewhat_Interested,Interested,Very_Interested,Not_Interested,Somewhat_Interested,Not_Interested,High,Medium,Low,IIIT Hyderabad,ECE
39082,SC,Male,Delhi,Very_Interested,Somewhat_Interested,Interested,Interested,Somewhat_Interested,Interested,Much_Interested,Very_Interested,Much_Interested,Much_Interested,Very_Interested,Not_Interested,Interested,Very_Interested,Somewhat_Interested,Somewhat_Interested,Somewhat_Interested,Not_Interested,Very_Interested,Not_Interested,Somewhat_Interested,Much_Interested,Medium,Medium,Medium,VIT Vellore,Electrical
23323,EWS,Male,Delhi,Very_Interested,Much_Interested,Much_Interested,Very_Interested,Interested,Very_Interested,Much_Interested,Very_Interested,Not_Interested,Not_Interested,Interested,Interested,Very_Interested,Very_Interested,Very_Interested,Somewhat_Interested,Much_Interested,Much_Interested,Interested,Not_Interested,Not_Interested,Not_Interested,High,High,Medium,IIIT Hyderabad,CSE
22557,GEN,Female,Maharashtra,Very_Interested,Somewhat_Interested,Not_Interested,Very_Interested,Interested,Somewhat_Interested,Much_Interested,Very_Interested,Interested,Interested,Not_Interested,Somewhat_Interested,Not_Interested,Much_Interested,Much_Interested,Not_Interested,Very_Interested,Very_Interested,Not_Interested,Not_Interested,Very_Interested,Somewhat_Interested,Medium,High,Medium,IIIT Delhi,Civil
26963,EWS,Female,Delhi,Somewhat_Interested,Much_Interested,Not_Interested,Much_Interested,Interested,Much_Interested,Very_Interested,Very_Interested,Very_Interested,Somewhat_Interested,Very_Interested,Much_Interested,Not_Interested,Somewhat_Interested,Somewhat_Interested,Very_Interested,Interested,Interested,Not_Interested,Much_Interested,Very_Interested,Much_Interested,Low,Medium,Medium,MNIT Jaipur,CSE
42349,EWS,Female,West Bengal,Interested,Interested,Somewhat_Interested,Not_Interested,Not_Interested,Very_Interested,Much_Interested,Much_Interested,Interested,Interested,Somewhat_Interested,Somewhat_Interested,Very_Interested,Much_Interested,Somewhat_Interested,Much_Interested,Somewhat_Interested,Not_Interested,Interested,Somewhat_Interested,Somewhat_Interested,Very_Interested,High,High,Low,VIT Vellore,Electrical
26257,SC,Female,UP,Very_Interested,Interested,Somewhat_Interested,Not_Interested,Much_Interested,Not_Interested,Not_Interested,Somewhat_Interested,Much_Interested,Not_Interested,Very_Interested,Interested,Interested,Very_Interested,Interested,Somewhat_Interested,Very_Interested,Somewhat_Interested,Much_Interested,Interested,Somewhat_Interested,Interested,Low,Low,Medium,DTU,ECE
25732,OBC,Male,Tamil Nadu,Not_Interested,Much_Interested,Much_Interested,Interested,Somewhat_Interested,Not_Interested,Interested,Interested,Much_Interested,Very_Interested,Not_Interested,Much_Interested,Much_Interested,Very_Interested,Somewhat_Interested,Somewhat_Interested,Not_Interested,Very_Interested,Very_Interested,Interested,Very_Interested,Not_Interested,Low,Low,High,MNIT Jaipur,CSE
23804,SC,Male,Karnataka,Interested,Much_Interested,Much_Interested,Interested,Interested,Not_Interested,Interested,Somewhat_Interested,Very_Interested,Interested,Much_Interested,Much_Interested,Interested,Very_Interested,Very_Interested,Not_Interested,Not_Interested,Not_Interested,Very_Interested,Much_Interested,Not_Interested,Interested,Low,High,Medium,IIIT Hyderabad,CSE
38070,OBC,Male,Maharashtra,Very_Interested,Much_Interested,Very_Interested,Somewhat_Interested,Very_Interested,Very_Interested,Somewhat_Interested,Very_Interested,Very_Interested,Somewhat_Interested,Somewhat_Interested,Much_Interested,Not_Interested,Not_Interested,Somewhat_Interested,Not_Interested,Interested,Interested,Interested,Much_Interested,Not_Interested,Very_Interested,Low,High,Medium,VIT Vellore,CSE
28179,ST,Female,Rajasthan,Much_Interested,Much_Interested,Much_Interested,Not_Interested,Interested,Interested,Somewhat_Interested,Much_Interested,Interested,Interested,Somewhat_Interested,Somewhat_Interested,Very_Interested,Very_Interested,Somewhat_Interested,Very_Interested,Interested,Somewhat_Interested,Somewhat_Interested,Much_Interested,Interested,Interested,High,Low,Medium,MNIT Jaipur,CSE
20653,GEN,Female,Karnataka,Not_Interested,Somewhat_Interested,Somewhat_Interested,Not_Interested,Somewhat_Interested,Much_Interested,Not_Interested,Much_Interested,Not_Interested,Much_Interested,Somewhat_Interested,Somewhat_Interested,Very_Interested,Interested,Much_Interested,Not_Interested,Somewhat_Interested,Somewhat_Interested,Not_Interested,Interested,Not_Interested,Much_Interested,Low,High,High,IIIT Delhi,Mechanical
9436,EWS,Male,West Bengal,Interested,Somewhat_Interested,Very_Interested,Not_Interested,Very_Interested,Not_Interested,Somewhat_Interested,Interested,Somewhat_Interested,Very_Interested,Very_Interested,Much_Interested,Much_Interested,Not_Interested,Very_Interested,Much_Interested,Much_Interested,Somewhat_Interested,Not_Interested,Interested,Somewhat_Interested,Not_Interested,Low,High,Medium,NIT Surathkal,Mechanical
42919,EWS,Female,Tamil Nadu,Not_Interested,Very_Interested,Not_Interested,Not_Interested,Somewhat_Interested,Much_Interested,Interested,Very_Interested,Interested,Not_Interested,Very_Interested,Very_Interested,Not_Interested,Interested,Very_Interested,Interested,Very_Interested,Much_Interested,Somewhat_Interested,Not_Interested,Somewhat_Interested,Interested,Medium,Medium,High,VIT Vellore,CSE
42957,OBC,Female,Delhi,Interested,Somewhat_Interested,Much_Interested,Interested,Much_Interested,Much_Interested,Very_Interested,Very_Interested,Very_Interested,Much_Interested,Somewhat_Interested,Somewhat_Interested,Much_Interested,Very_Interested,Much_Interested,Somewhat_Interested,Somewhat_Interested,Not_Interested,Somewhat_Interested,Not_Interested,Much_Interested,Somewhat_Interested,Medium,Medium,Low,VIT Vellore,Mechanical
37798,ST,Male,Karnataka,Not_Interested,Interested,Somewhat_Interested,Not_Interested,Not_Interested,Interested,Very_Interested,Very_Interested,Not_Interested,Somewhat_Interested,Interested,Very_Interested,Not_Interested,Somewhat_Interested,Very_Interested,Much_Interested,Not_Interested,Interested,Somewhat_Interested,Not_Interested,Very_Interested,Not_Interested,Medium,High,High,MIT Manipal,CSE
45741,EWS,Female,Karnataka,Not_Interested,Very_Interested,Somewhat_Interested,Somewhat_Interested,Not_Interested,Somewhat_Interested,Not_Interested,Interested,Somewhat_Interested,Interested,Interested,Interested,Much_Interested,Very_Interested,Not_Interested,Interested,Not_Interested,Interested,Very_Interested,Somewhat_Interested,Not_Interested,Much_Interested,High,High,Low,SRM Chennai,CSE
20560,ST,Male,Delhi,Interested,Much_Interested,Not_Interested,Interested,Interested,Interested,Very_Interested,Very_Interested,Not_Interested,Much_Interested,Not_Interested,Much_Interested,Somewhat_Interested,Interested,Much_Interested,Interested,Much_Interested,Somewhat_Interested,Much_Interested,Not_Interested,Very_Interested,Interested,Medium,Medium,Medium,IIIT Hyderabad,CSE
25827,ST,Male,Delhi,Interested,Very_Interested,Very_Interested,Much_Interested,Somewhat_Interested,Somewhat_Interested,Somewhat_Interested,Interested,Somewhat_Interested,Not_Interested,Much_Interested,Somewhat_Interested,Somewhat_Interested,Somewhat_Interested,Interested,Much_Interested,Not_Interested,Somewhat_Interested,Very_Interested,Interested,Somewhat_Interested,Somewhat_Interested,Low,High,High,NSUT,CSE
44473,ST,Female,Maharashtra,Very_Interested,Interested,Not_Interested,Somewhat_Interested,Somewhat_Interested,Much_Interested,Not_Interested,Much_Interested,Not_Interested,Interested,Much_Interested,Interested,Not_Interested,Very_Interested,Very_Interested,Very_Interested,Very_Interested,Somewhat_Interested,Very_Interested,Not_Interested,Very_Interested,Somewhat_Interested,Medium,Low,Low,VIT Vellore,Electrical
17641,GEN,Male,Karnataka,Very_Interested,Very_Interested,Not_Interested,Much_Interested,Somewhat_Interested,Not_Interested,Much_Interested,Very_Interested,Much_Interested,Interested,Interested,Somewhat_Interested,Very_Interested,Somewhat_Interested,Interested,Somewhat_Interested,Interested,Interested,Much_Interested,Very_Interested,Interested,Very_Interested,Low,Medium,Medium,IIIT Hyderabad,CSE
